Murnau a. Staffelsee
Słupiec
Bad Godesberg
Bad Brückenau
Ockham
Granada
Saint Louis, Mo.
Frankfurt / Oder
Eschershausen
Marburg/Lahn
Antiochia (Orontes)
Walenstadt
Rochefort (Charente-Maritime)
Würzburg
Hechingen
Bücken (Landkreis Nienburg/Weser)
Kunzewo (Moskau)
Hrušovany nad Jevišovkou
Nehren (Landkreis Tübingen)
Auvers-sur-Oise
Bad Honnef- Rhöndorf (Rhein)
New Rochelle, NY
Tecklenburg
Heidelberg
Beverly Hills, Calif.
Alt Schwerin
Exeter
Gori (Šida K̕art̕li)
Eichwerder bei Stettin
Anklam
Eningen unter Achalm
Pilsen
Padua
Bayreuth
Berlin-Dahlem
Liegnitz
Wiederau (Rochlitz)
Perugia
Linz
Marienburg (Westpreußen, Region)
Petrópolis
Edderitz
Pella (Nordgriechenland)
Doorn
Schöppenstedt
Szamocin
Bad Muskau
Haarlem
Dieppe
Karolin (Zwoleń)
Gries (Bozen)
Oberfischbach (Großerlach)
Marienwerder
Pieve di Cadore
Friedelsheim
Radmeritz
Kloster Lehnin- Lehnin
Zagreb
Zakynthos (Stadt)
Kansas City, Mo.
Cissna Park
Krakeln
Belsano
Wallhalben
Ancona
Diez
Waltrop
Neckarau
Melkow
Langeoog
München-Obermenzing
Dornum
Kufa
Madrid
Fraustadt
Alzano Lombardo
Riga
Bentwisch
Zundert
Groß-Lichterfelde
Kent
Barmen
Madison, New Hampshire
Minden (Westf)
Borgfelde (Mecklenburg)
Freystadt (Niederschlesien)
Charlottenburg (Berlin)
Los Angeles
Cusset
Wannefeld
Wilmersdorf
Bad Traunstein
Heusden (Nordbrabant)
Hottingen (Zürich)
Peine
Wilhelmshaven
Lutterworth
Saint-Marcel (Chalon-sur-Saône)
Maur
Prietzen
Karthago
Meggen (Kanton Luzern)
Moosburg a.d. Isar
Billigheim (Neckar-Odenwald-Kreis)
Döberitz
Raudnitz an der Elbe
Schwerin- Neu Zippendorf
Pforzheim
Ramsen (Schaffhausen)
Port-Joinville
Gunzenhausen
Friedenau (Berlin)
Klein Flottbek
Lüttich
Govelin
Hendaye
Mailand
Hünfeld
Bielawa
Sint-Amands
Einbeck-Greene
Treffurt
La Crosse, Wis.
Franfurt a. Main
Leonberg (Landkreis Böblingen)
Lesum
Winterthur
Großbothen
Selke-Aue-Wedderstedt
Dublin
Heilsbronn
Cosenza
Kilchberg
Königstein im Taunus
Mönkeberg
Lev Tolstoj
Berlin-Steglitz
Philadelphia
Antwerpen
Freiburg in Schlesien
Stamford, Conn.
Reval
Hadersdorf-Weidlingau
Moers
Dover, Del.
Beerfelden
Lipnice nad Sázavou
Locarno
Nagold
Alsfeld
Nordstetten (Horb am Neckar)
Ludwigsburg
Altaussee
New Haven
Schlatt im Breisgau
Neuruppin
Ames, Iowa
Neuenstadt am Kocher
Málaga
Ahrenshoop, Vorpommern
Wevelinghoven
Morcote
Boise
Lengerich (Kreis Steinfurt)
Münster (Westf)
Stonsdorf
Hameln
Zwolle
Horn b. Hamburg
Würzurg
Castello Roccasecca
Linden (Hannover)
Graben
Öhringen
Hoppegarten-Münchehofe
Guayaquil
Görlitz
Brasilien, Curitiba
Stücken
Leuthen (Drebkau)
Bad Langensalza
Princeton, NJ
Wuppertal-Barmen
Tartu
Tetenbüll
Naumburg (Saale)
Bad Soden am Taunus
Flensburg
Hademarschen
Wörrstadt
Le Pallet
St. Joseph Township, Berrien, Michigan, United States
Reichenbach (Lautertal)
Meran
Chalkide
Bernstadt an der Weide
Marburg
Opherdicke
Ferrol
Mühlheim an der Ruhr
Leichlingen (Rheinland)
Buttstädt-Mannstedt
Ottobrunn
Bischofshagen
Herne
Uentrop (Kreis Unna)
Buenos Aires
Perleberg
Oberhausen
Bad Vilbel
Bar-le-Duc
Idstedt
Uetze-Obershagen
Bad Münder- Eimbeckhausen
Froeschwiller
Lausanne
Stamford, Conneticut
Odenkirchen
Wittnau (Breisgau-Hochschwarzwald)
Jüterbog
Ronsdorf
Finsterwalde
Altenburg (Thüringen)
Konstanz
Mark (Hamm)
Schmalenbeck
Nova Friburgo, Brasilien
Königsberg
Emden
Drogobytsch
Oldenburg (Oldenburg)
Tours
Rudolfsheim
Herrnhut
Berlin Wilmersorf
Freudenstadt im Schwarzwald
Babylon
Amasya
Windischleuba
Osten (Cuxhaven)
Coyoacán
Jasnaja Poljana
Nakło nad Notecia̜
Zwötzen / Reuß
East Hampton, NY
Hohenstaufen
Förderstedt
Icking
Lomonossow
Lauingen (Donau)
Grave
Priverno-Fossanova
Hardegsen
Löhne-Gohfeld
Beverungen
Stagira
Fahrenbach
Sankt Gallen
Zerbst/Anhalt
Bramsche-Engter
Malmö
Klaipėda
Traben-Trarbach
Heiligenberg (Bodenseekreis)
Chislehurst
Kaufbeuren
Hausen (Waldbrunn, Westerwald)
Brooklyn
Alt-Rahlstedt
Worms
Bronxville
Randolph, New Hampshire
Briesen (Prov. Posen)
Ehrwald/Tirol
Oberholzheim
Finkenwerder
Wald-Michelbach
Łódź
Kempen (Kreis Viersen)
Cammin in Pommern
Posen
Höchenschwand
Iowa City
Gauting
Denham
Herrnhut-Rennersdorf
Brügge
Colorado Springs
Washington, DC
Oldenswort
Duisburg
Laon
Saalfeld/Saale
Butschatsch
Kalbe (Milde)
Perlin
Rebelow
Eutin
Markowice (Powiat Mogileński)
Mülhausen
Berlin (West)
Graz
Planegg
Elten
Glatz (Schlesien)
Lemberg
Boston, Mass.
Lamar, Mo.
Chełmno
Maaseik
Neubrandenburg
Langendiebach
Schwersenz
Küssnacht am Rigi
Wohlau
Frankfurt/Oder
Mopsuestia
Fürth (Bayern)
Quincy, Adams, Illinois, United States
Kappel am Albis
Waldbröl
Prag
Pieszyce
Bardejov, Slowakei
Grüningen (Landkreis Gießen)
Rammenau
Biebrich (Wiesbaden)
New York, NY
Roslyn Heights, NY
Coca (Provinz Segovia)
Boppard
Farnham
Vögisheim
Zierenberg
Mittweida
Chorasan
Norderney
Chicago, Ill.
Tarsos
Bielefeld-Bethel
Elsfleth
Kisielice (Ermland-Masuren)
Grabs
Sankt Petersburg
Helmstedt
Hörde
Altdamm
Linnich
Hinte
Lichterfelde (Berlin)
Canterbury
Kleve
Signy-l'Abbaye
Polen, Koźmin
Wannsee (Ort)
Alexandria
Herford
Gmunden
Dornach
Archangel'skoe (Krasnogorsk)
Dorpat
Nellingen
Haunstetten
Mönchengladbach
Bad Berleburg- Diedenshausen
Corsier-sur-Vevey
Cambridge, Mass.
Glatz
Bad Ragaz
Düsseldorf-Oberkassel
Speyer
Horn (Hamburg)
New York
Nottingham
Zschopau
Eisleben
Ansbach
Oświęcim
Ixelles
Lübbecke
Bunde
Lauterbach (Hessen)
Sensburg
Tiefenort
Harburg (Elbe)
Tacken
Fürth
Cauchy-à-la-Tour
Schönhausen (Elbe)
Thundorf i. UFr.
Plau
Alt-Seidenberg
Ramsgate
Aarhus
Milet
Frankfurt a.M.
Polen, Ujście
Fréjus
Conches-en-Ouche
Stavenhagen
Neunkirchen (Neckar-Odenwald-Kreis)
Gorodenka (Oblast Iwano-Frankiwsk)
Holzwickede-Opherdicke
Ndola
Dorlisheim
Ballenstedt
Steinheim-Kleinbottwar
Langenburg
Essen-Steele
Mülheim an der Ruhr
Ferndorf
Witebsk
Rotenburg a. d. Fulda
Palm Beach, Florida
Brasilien, São Paulo
Kiew
Passugg-Araschgen
Argostolion
Annaberg (Erzgebirge)
Valencia
Freiburg im Breisgau
Ludwigshafen am Rhein
Frankfurt/Main
Barendorf (Lüneburg)
Wildhaus
Rod an der Weil
Nackenheim
Prien a. Chiemsee
Bagdad
Husum (Kreis Nordfriesland)
Wolkenburg-Kaufungen
Stornoway, Schottland
Frankfurt (Oder)
Steinigtwolmsdorf
Kampen (Sylt)
Müllheim
Biskupiec (Nowe Miasto Lubawskie)
Deutz
Sprockhövel-Herzkamp
Borby
Mulki
Stove
Rengsdorf
York
Puderbach
Groß Rietz
Bad Honnef
Carmel-by-the-Sea, Calif.
Tel Aviv-Jaffa
